-- MySQL dump 10.13  Distrib 8.0.42, for Win64 (x86_64)
--
-- Host: localhost    Database: proyecto
-- ------------------------------------------------------
-- Server version	8.0.42

/*!40101 SET @OLD_CHARACTER_SET_CLIENT=@@CHARACTER_SET_CLIENT */;
/*!40101 SET @OLD_CHARACTER_SET_RESULTS=@@CHARACTER_SET_RESULTS */;
/*!40101 SET @OLD_COLLATION_CONNECTION=@@COLLATION_CONNECTION */;
/*!50503 SET NAMES utf8 */;
/*!40103 SET @OLD_TIME_ZONE=@@TIME_ZONE */;
/*!40103 SET TIME_ZONE='+00:00' */;
/*!40014 SET @OLD_UNIQUE_CHECKS=@@UNIQUE_CHECKS, UNIQUE_CHECKS=0 */;
/*!40014 SET @OLD_FOREIGN_KEY_CHECKS=@@FOREIGN_KEY_CHECKS, FOREIGN_KEY_CHECKS=0 */;
/*!40101 SET @OLD_SQL_MODE=@@SQL_MODE, SQL_MODE='NO_AUTO_VALUE_ON_ZERO' */;
/*!40111 SET @OLD_SQL_NOTES=@@SQL_NOTES, SQL_NOTES=0 */;

--
-- Table structure for table `dim_clientes`
--

DROP TABLE IF EXISTS `dim_clientes`;
/*!40101 SET @saved_cs_client     = @@character_set_client */;
/*!50503 SET character_set_client = utf8mb4 */;
CREATE TABLE `dim_clientes` (
  `id_cliente` int NOT NULL,
  `nombre` varchar(100) NOT NULL,
  `correo` varchar(100) NOT NULL,
  `pais` varchar(100) NOT NULL,
  PRIMARY KEY (`id_cliente`)
) ENGINE=InnoDB DEFAULT CHARSET=utf8mb4 COLLATE=utf8mb4_0900_ai_ci;
/*!40101 SET character_set_client = @saved_cs_client */;

--
-- Dumping data for table `dim_clientes`
--

LOCK TABLES `dim_clientes` WRITE;
/*!40000 ALTER TABLE `dim_clientes` DISABLE KEYS */;
INSERT INTO `dim_clientes` VALUES (12395,' Elijah King',' elijah.king@example.com','Belgium'),(12449,' Adam Carter','com','Belgium'),(12451,' Mason Garcia','com','Switzerland'),(12471,' Ellie Ward','com','Germany'),(12540,' Alexander Mitchell','com','Spain'),(12569,' Christopher Graham','com','Germany'),(12583,' Charles Hayes','com','France'),(12610,' Lincoln Gray',' lincoln.gray@example.com','Italy'),(12627,' Carter Morgan','com','Germany'),(12653,' Benjamin Baker','com','Israel'),(12659,' Charlotte Lee',' charlotte.lee@example.com','France'),(12662,' Penelope Bailey','com','Germany'),(12670,' Claire Bryant','com','France'),(12678,' Grace Gonzalez','com','France'),(12681,' Josiah Myers','com','France'),(12682,' Addison Sullivan','com','France'),(12688,' Connor Carter','com','Israel'),(12704,' Henry Campbell','com','Finland'),(12709,' Skylar Hughes',' skylar.hughes@example.com','Germany'),(12721,' Josiah Hamilton','com','France'),(12726,' Michael Perez','com','France'),(12748,' Riley Murphy',' riley.murphy@example.com','United Kingdom'),(12757,' Chloe Campbell','com','Portugal'),(12778,' Caroline Warren','com','Netherlands'),(12798,' Cameron Bryant','com','Japan'),(12836,' Savannah Perry','com','United Kingdom'),(12839,' Victoria Reed',' victoria.reed@example.com','United Kingdom'),(12851,' Ellie Gray','com','United Kingdom'),(12868,' Sebastian Roberts','com','United Kingdom'),(12885,' Logan Hall','com','United Kingdom'),(12901,' Ella Wright',' ella.wright@example.com','United Kingdom'),(12921,' Grace Baker',' grace.baker@example.com','United Kingdom'),(12929,' Leo Coleman','com','United Kingdom'),(12950,' Aiden Hall',' aiden.hall@example.com','United Kingdom'),(12990,' Anna Cole','com','United Kingdom'),(13014,' Emily Murphy','com','United Kingdom'),(13032,' Harper Allen','com','United Kingdom'),(13037,' Ava Garcia','com','United Kingdom'),(13081,' Miles Wallace','com','United Kingdom'),(13089,' Hunter Perry','com','United Kingdom'),(13094,' Scarlett Green',' scarlett.green@example.com','United Kingdom'),(13098,' Paisley Griffin','com','United Kingdom'),(13126,' Roman Cole','com','United Kingdom'),(13138,' Benjamin Adams',' benjamin.adams@example.com','United Kingdom'),(13139,' Dylan Barnes',' dylan.barnes@example.com','United Kingdom'),(13171,' Penelope Morgan',' penelope.morgan@example.com','United Kingdom'),(13178,' Lillian Sanders','com','United Kingdom'),(13199,' Thomas Russell','com','United Kingdom'),(13209,' Aaron Butler','com','United Kingdom'),(13232,' Samuel Ross','com','United Kingdom'),(13233,' Caleb Brooks',' caleb.brooks@example.com','United Kingdom'),(13261,' Levi Collins','com','United Kingdom'),(13263,' Eli Long','com','United Kingdom'),(13268,' Dylan Ross','com','United Kingdom'),(13272,' Ava Wilson','com','United Kingdom'),(13324,' Jackson Evans','com','United Kingdom'),(13389,' Noah Johnson','com','United Kingdom'),(13394,' Charles Griffin',' charles.griffin@example.com','United Kingdom'),(13396,' Violet Butler','com','United Kingdom'),(13414,' Aaron Washington','com','United Kingdom'),(13418,' Gabriel Cooper','com','United Kingdom'),(13434,' Emily Lopez','com','United Kingdom'),(13447,' Layla Rogers','com','United Kingdom'),(13458,' Henry Phillips','com','United Kingdom'),(13468,' Isabella Martinez','com','United Kingdom'),(13489,' Mason Brown',' mason.brown@example.com','United Kingdom'),(13491,' Michael Mitchell','com','United Kingdom'),(13513,' Claire Foster','com','United Kingdom'),(13515,' Penelope Bell','com','United Kingdom'),(13552,' Jonathan Patterson',' jonathan.patterson@example.com','United Kingdom'),(13576,' Christian Bennett','com','United Kingdom'),(13591,' Isaiah Bishop',' isaiah.bishop@example.com','United Kingdom'),(13614,' Lucy Watson',' lucy.watson@example.com','United Kingdom'),(13632,' Gabriel Rivera','com','United Kingdom'),(13652,' Cameron Simmons','com','United Kingdom'),(13654,' Nora Howard','com','United Kingdom'),(13685,' Cameron Foster','com','United Kingdom'),(13709,' Evelyn King','com','United Kingdom'),(13719,' Evelyn Allen',' evelyn.allen@example.com','United Kingdom'),(13750,' Savannah Coleman',' savannah.coleman@example.com','United Kingdom'),(13755,' Aiden Young','com','United Kingdom'),(13761,' Eli Powell',' eli.powell@example.com','United Kingdom'),(13764,' Stella Ramirez',' stella.ramirez@example.com','United Kingdom'),(13767,' Mateo Sanchez',' mateo.sanchez@example.com','United Kingdom'),(13816,' Noah Smith',' noah.smith@example.com','Germany'),(13860,' Genesis Daniels','com','United Kingdom'),(13865,' Daniel Lopez','com','United Kingdom'),(13924,' Aria Campbell','com','United Kingdom'),(13933,' Connor Hunter',' connor.hunter@example.com','United Kingdom'),(13983,' Aria Roberts',' aria.roberts@example.com','United Kingdom'),(13999,' Chloe Parker','com','United Kingdom'),(14013,' Ezra Bryant','com','United Kingdom'),(14024,' Hannah Rogers','com','United Kingdom'),(14031,' Zoe Richardson','com','United Kingdom'),(14032,' Christopher Ford',' christopher.ford@example.com','United Kingdom'),(14060,' Violet Simmons','com','United Kingdom'),(14078,' Elena Lopez','com','United Kingdom'),(14092,' Lincoln Watson','com','United Kingdom'),(14107,' Christian Sanders',' christian.sanders@example.com','United Kingdom'),(14110,' Addison Hamilton',' addison.hamilton@example.com','United Kingdom'),(14111,' Ezra Foster',' ezra.foster@example.com','United Kingdom'),(14125,' Audrey Ross',' audrey.ross@example.com','United Kingdom'),(14135,' Leah Ross','com','United Kingdom'),(14156,' Jacob Clark','com','EIRE'),(14177,' Brooklyn Powell','com','United Kingdom'),(14180,' Eleanor Diaz','com','United Kingdom'),(14189,' Hunter Jenkins',' hunter.jenkins@example.com','United Kingdom'),(14191,' Caroline Bishop','com','United Kingdom'),(14211,' James Scott',' james.scott@example.com','United Kingdom'),(14214,' Aiden Allen','com','United Kingdom'),(14224,' Grayson Cox','com','United Kingdom'),(14236,' Genesis Warren',' genesis.warren@example.com','United Kingdom'),(14250,' Audrey Jenkins','com','United Kingdom'),(14286,' Kennedy Ford','com','United Kingdom'),(14287,' Anthony Gray','com','United Kingdom'),(14289,' Charles Diaz','com','United Kingdom'),(14292,' Zoey Turner','com','United Kingdom'),(14297,' Scarlett Gonzalez','com','United Kingdom'),(14298,' Paisley Russell','com','United Kingdom'),(14299,' Chloe Evans','com','United Kingdom'),(14307,' Lily Nelson',' lily.nelson@example.com','United Kingdom'),(14336,' Abigail King','com','United Kingdom'),(14344,' Elena Daniels','com','United Kingdom'),(14346,' Leo Jenkins','com','United Kingdom'),(14383,' Lillian Bennett','com','United Kingdom'),(14396,' Victoria Bell','com','United Kingdom'),(14453,' Stella James','com','United Kingdom'),(14456,' Isabella Garcia','com','United Kingdom'),(14457,' Brooklyn Long','com','United Kingdom'),(14507,' Owen Stewart','com','United Kingdom'),(14513,' Grace Nelson','com','United Kingdom'),(14522,' Ezra Alexander','com','United Kingdom'),(14547,' Amelia Walker','com','United Kingdom'),(14553,' Lily Perez','com','United Kingdom'),(14560,' Gabriel Bailey',' gabriel.bailey@example.com','United Kingdom'),(14561,' Sadie Myers',' sadie.myers@example.com','United Kingdom'),(14562,' Charlotte Clark','com','United Kingdom'),(14567,' Jackson Campbell',' jackson.campbell@example.com','United Kingdom'),(14589,' Natalie Collins','com','United Kingdom'),(14606,' Ethan Clark','com','United Kingdom'),(14618,' Logan Allen','com','United Kingdom'),(14631,' Lily Mitchell','com','United Kingdom'),(14646,' Savannah Jenkins','com','Netherlands'),(14660,' Zoe Cox','com','United Kingdom'),(14665,' Ellie Howard',' ellie.howard@example.com','United Kingdom'),(14680,' Aria Phillips','com','United Kingdom'),(14702,' Paisley Alexander','com','United Kingdom'),(14711,' Layla Reed','com','United Kingdom'),(14733,' Kennedy Diaz',' kennedy.diaz@example.com','United Kingdom'),(14796,' Henry Turner',' henry.turner@example.com','United Kingdom'),(14798,' Savannah Powell','com','United Kingdom'),(14849,' Alexander Nelson','com','United Kingdom'),(14882,' Jacob Lee','com','United Kingdom'),(14910,' Kennedy Hayes','com','United Kingdom'),(14911,' Jacob Garcia',' jacob.garcia@example.com','EIRE'),(14913,' Roman Warren','com','United Kingdom'),(14930,' Henry Parker','com','Channel Islands'),(14931,' Addison Graham','com','Channel Islands'),(15005,' Caleb Sanders','com','United Kingdom'),(15021,' Eleanor Russell',' eleanor.russell@example.com','United Kingdom'),(15036,' Wyatt Murphy','com','United Kingdom'),(15039,' Benjamin Nelson','com','United Kingdom'),(15044,' Bella Hughes','com','United Kingdom'),(15051,' Ella Scott','com','United Kingdom'),(15061,' Elena Black',' elena.black@example.com','United Kingdom'),(15065,' Natalie Evans','com','United Kingdom'),(15134,' Samuel Barnes','com','United Kingdom'),(15150,' Chloe Phillips',' chloe.phillips@example.com','United Kingdom'),(15159,' James Green','com','United Kingdom'),(15206,' Aurora Stewart','com','United Kingdom'),(15215,' Charlotte Lewis','com','United Kingdom'),(15251,' Grayson Richardson','com','United Kingdom'),(15271,' Sadie Ford','com','United Kingdom'),(15311,' Bella Patterson','com','United Kingdom'),(15333,' Dylan Henderson','com','United Kingdom'),(15339,' Hailey Wallace','com','United Kingdom'),(15392,' Grayson Howard','com','United Kingdom'),(15448,' Andrew Wallace',' andrew.wallace@example.com','United Kingdom'),(15493,' Audrey Coleman','com','United Kingdom'),(15513,' Ava Martinez',' ava.martinez@example.com','United Kingdom'),(15514,' Ethan Lewis','com','United Kingdom'),(15521,' Adam Daniels',' adam.daniels@example.com','United Kingdom'),(15528,' Daniel Rivera',' daniel.rivera@example.com','United Kingdom'),(15544,' Hailey Sullivan',' hailey.sullivan@example.com','United Kingdom'),(15572,' Victoria Morgan','com','United Kingdom'),(15606,' Zoey Roberts','com','United Kingdom'),(15610,' Isaiah Hunter','com','United Kingdom'),(15615,' Michael Carter',' michael.carter@example.com','United Kingdom'),(15618,' Thomas Griffin','com','United Kingdom'),(15622,' Harper Walker',' harper.walker@example.com','United Kingdom'),(15623,' Skylar Flores','com','United Kingdom'),(15641,' Lucas Hernandez','com','United Kingdom'),(15651,' Mateo Rogers','com','United Kingdom'),(15659,' Riley Rivera','com','United Kingdom'),(15727,' Miles West','com','United Kingdom'),(15738,' Samuel Wood','com','United Kingdom'),(15755,' Lucy Kelly','com','United Kingdom'),(15769,' Evelyn Young','com','United Kingdom'),(15777,' Sophia Murphy','com','United Kingdom'),(15797,' Evelyn Hernandez','com','United Kingdom'),(15808,' Mia Johnson','com','United Kingdom'),(15813,' Eli Hughes','com','United Kingdom'),(15841,' Hazel Peterson',' hazel.peterson@example.com','United Kingdom'),(15867,' Bella Long',' bella.long@example.com','United Kingdom'),(15874,' Eli Patterson','com','United Kingdom'),(15881,' Sebastian Perez',' sebastian.perez@example.com','United Kingdom'),(15932,' Carter Rogers',' carter.rogers@example.com','United Kingdom'),(15950,' Mateo Morris','com','United Kingdom'),(15955,' Zoey Wood','com','United Kingdom'),(15985,' Kennedy Myers','com','United Kingdom'),(15987,' Elijah Green','com','United Kingdom'),(15993,' Adam Lopez','com','United Kingdom'),(16011,' Skylar Washington','com','United Kingdom'),(16019,' Lillian Price','com','United Kingdom'),(16020,' Grayson Cooper',' grayson.cooper@example.com','United Kingdom'),(16031,' Nathan Watson','com','United Kingdom'),(16043,' Jonathan Washington','com','United Kingdom'),(16048,' Roman Stone',' roman.stone@example.com','United Kingdom'),(16059,' Leah Barnes','com','United Kingdom'),(16103,' Samuel Bennett',' samuel.bennett@example.com','United Kingdom'),(16148,' Ella Green','com','United Kingdom'),(16168,' Scarlett Baker','com','United Kingdom'),(16187,' Julian Bell','com','United Kingdom'),(16242,' Mia Smith','com','United Kingdom'),(16258,' Levi Stewart','com','United Kingdom'),(16265,' Aria Turner','com','United Kingdom'),(16268,' Alexander Gonzalez',' alexander.gonzalez@example.com','United Kingdom'),(16293,' Nora Cox','com','United Kingdom'),(16308,' Victoria Cook','com','United Kingdom'),(16326,' Ellie Peterson','com','United Kingdom'),(16348,' Lucy Sanders','com','United Kingdom'),(16359,' Julian Murphy','com','United Kingdom'),(16407,' Leah Wood',' leah.wood@example.com','United Kingdom'),(16416,' Mia Thompson',' mia.thompson@example.com','United Kingdom'),(16422,' Zoe Rivera',' zoe.rivera@example.com','United Kingdom'),(16432,' Caroline Hunter','com','United Kingdom'),(16441,' Miles Graham',' miles.graham@example.com','United Kingdom'),(16456,' Thomas Diaz','com','United Kingdom'),(16503,' Alexander Carter','com','United Kingdom'),(16504,' Aaron Simmons','com','United Kingdom'),(16519,' Elijah Wright','com','United Kingdom'),(16523,' Aurora Collins','com','United Kingdom'),(16558,' Carter Cook','com','United Kingdom'),(16570,' Hailey West','com','United Kingdom'),(16600,' Josiah Hayes',' josiah.hayes@example.com','United Kingdom'),(16607,' Thomas Alexander',' thomas.alexander@example.com','United Kingdom'),(16655,' Mason Martinez','com','United Kingdom'),(16670,' Isaiah Black','com','United Kingdom'),(16681,' Harper Young','com','United Kingdom'),(16689,' Violet Foster','com','United Kingdom'),(16705,' Carter Reed','com','United Kingdom'),(16719,' Jonathan Hughes','com','United Kingdom'),(16726,' Lucas Wright','com','United Kingdom'),(16745,' Noah Brown','com','United Kingdom'),(16746,' Scarlett Adams','com','United Kingdom'),(16774,' Aurora Edwards',' aurora.edwards@example.com','United Kingdom'),(16775,' Lincoln James','com','United Kingdom'),(16779,' Hazel Ramirez','com','United Kingdom'),(16794,' Anthony Peterson','com','United Kingdom'),(16839,' Nathan James',' nathan.james@example.com','United Kingdom'),(16843,' Lillian Kelly',' lillian.kelly@example.com','United Kingdom'),(16880,' Cameron Butler',' cameron.butler@example.com','United Kingdom'),(16891,' Elena Carter','com','United Kingdom'),(16892,' Ella Adams','com','United Kingdom'),(16915,' Hailey Stone','com','United Kingdom'),(16923,' Noah Martinez','com','United Kingdom'),(16943,' Amelia Lewis','com','United Kingdom'),(16945,' Aaron Flores',' aaron.flores@example.com','United Kingdom'),(16948,' Caleb Kelly','com','United Kingdom'),(16960,' Jonathan Flores','com','United Kingdom'),(16980,' Audrey Henderson','com','United Kingdom'),(16985,' Hunter Long','com','United Kingdom'),(17001,' Julian Morgan','com','United Kingdom'),(17045,' Liam Murphy',' liam.murphy@example.com','United Kingdom'),(17090,' Dylan Coleman','com','United Kingdom'),(17105,' James Baker','com','United Kingdom'),(17117,' Charles Myers','com','United Kingdom'),(17139,' Wyatt Bailey','com','United Kingdom'),(17166,' Hunter Powell','com','United Kingdom'),(17179,' Hannah Sanchez','com','United Kingdom'),(17190,' Abigail Hernandez',' abigail.hernandez@example.com','United Kingdom'),(17206,' Gabriel Richardson','com','United Kingdom'),(17236,' Isaac Howard','com','United Kingdom'),(17287,' Connor Daniels','com','United Kingdom'),(17293,' Leo Perry','com','United Kingdom'),(17299,' Zoey Barnes','com','United Kingdom'),(17315,' Layla Morris',' layla.morris@example.com','United Kingdom'),(17321,' Zoey Mitchell',' zoey.mitchell@example.com','United Kingdom'),(17346,' Brooklyn Patterson','com','United Kingdom'),(17348,' Sophia Lopez',' sophia.lopez@example.com','United Kingdom'),(17350,' Anna Stone','com','United Kingdom'),(17356,' Abigail Wright','com','United Kingdom'),(17368,' Abigail Scott','com','United Kingdom'),(17389,' Ethan Wilson',' ethan.wilson@example.com','United Kingdom'),(17404,' Lucas Young',' lucas.young@example.com','Sweden'),(17428,' Benjamin Gonzalez','com','United Kingdom'),(17450,' Genesis Hunter','com','United Kingdom'),(17461,' Julian Cook',' julian.cook@example.com','United Kingdom'),(17463,' Lincoln Ramirez','com','United Kingdom'),(17489,' Leo Henderson',' leo.henderson@example.com','United Kingdom'),(17490,' Violet Washington',' violet.washington@example.com','United Kingdom'),(17504,' Hazel Gray','com','United Kingdom'),(17510,' Ezra Russell','com','United Kingdom'),(17526,' Natalie Parker',' natalie.parker@example.com','United Kingdom'),(17528,' Eleanor Hayes','com','United Kingdom'),(17549,' Levi Edwards','com','United Kingdom'),(17556,' Amelia Hall','com','United Kingdom'),(17567,' Anthony Ward',' anthony.ward@example.com','United Kingdom'),(17595,' Anthony Ramirez','com','United Kingdom'),(17663,' Josiah Ford','com','United Kingdom'),(17669,' Christopher Sullivan','com','United Kingdom'),(17677,' Penelope Murphy','com','United Kingdom'),(17685,' Riley Bailey','com','United Kingdom'),(17686,' Natalie Edwards','com','United Kingdom'),(17702,' Ava Lee','com','United Kingdom'),(17719,' Zoey Price',' zoey.price@example.com','United Kingdom'),(17735,' Isabella Brown','com','United Kingdom'),(17757,' Anna West',' anna.west@example.com','United Kingdom'),(17764,' Liam Thompson','com','United Kingdom'),(17799,' Jackson Edwards','com','United Kingdom'),(17837,' Sophia Thompson','com','United Kingdom'),(17841,' Owen Collins',' owen.collins@example.com','United Kingdom'),(17849,' Hannah Morris','com','United Kingdom'),(17850,' Mia Brown','com','United Kingdom'),(17870,' Hannah Stewart',' hannah.stewart@example.com','United Kingdom'),(17900,' Sadie Hamilton','com','United Kingdom'),(17901,' Sadie Graham','com','United Kingdom'),(17920,' Levi Evans',' levi.evans@example.com','United Kingdom'),(17931,' Leah Henderson','com','United Kingdom'),(17940,' Lucy Brooks','com','United Kingdom'),(17949,' Wyatt Rivera','com','United Kingdom'),(17956,' Claire Simmons',' claire.simmons@example.com','United Kingdom'),(17988,' Logan Lewis',' logan.lewis@example.com','United Kingdom'),(18008,' Zoe Cooper','com','United Kingdom'),(18065,' Isaac Cox',' isaac.cox@example.com','United Kingdom'),(18102,' Harper Hall','com','United Kingdom'),(18126,' Anna Bishop','com','United Kingdom'),(18139,' Wyatt Bell',' wyatt.bell@example.com','United Kingdom'),(18159,' Amelia Clark',' amelia.clark@example.com','United Kingdom'),(18168,' Aurora Sanchez','com','United Kingdom'),(18211,' Caroline Cole',' caroline.cole@example.com','United Kingdom'),(18221,' Christian Price','com','United Kingdom'),(18225,' Isabella Johnson',' isabella.johnson@example.com','United Kingdom'),(18273,' Sophia Smith','com','United Kingdom'),(18283,' Ethan Walker','com','United Kingdom');
/*!40000 ALTER TABLE `dim_clientes` ENABLE KEYS */;
UNLOCK TABLES;

--
-- Table structure for table `dim_fecha`
--

DROP TABLE IF EXISTS `dim_fecha`;
/*!40101 SET @saved_cs_client     = @@character_set_client */;
/*!50503 SET character_set_client = utf8mb4 */;
CREATE TABLE `dim_fecha` (
  `id_fecha` int NOT NULL AUTO_INCREMENT,
  `dia` int NOT NULL,
  `mes` int NOT NULL,
  `año` int NOT NULL,
  `hora` time NOT NULL,
  PRIMARY KEY (`id_fecha`)
) ENGINE=InnoDB AUTO_INCREMENT=395 DEFAULT CHARSET=utf8mb4 COLLATE=utf8mb4_0900_ai_ci;
/*!40101 SET character_set_client = @saved_cs_client */;

--
-- Dumping data for table `dim_fecha`
--

LOCK TABLES `dim_fecha` WRITE;
/*!40000 ALTER TABLE `dim_fecha` DISABLE KEYS */;
INSERT INTO `dim_fecha` VALUES (1,3,30,2021,'04:14:00'),(2,11,11,2021,'11:11:00'),(3,4,6,2021,'12:08:00'),(4,10,27,2021,'03:33:00'),(5,11,16,2021,'08:38:00'),(6,12,9,2020,'03:46:00'),(7,2,18,2021,'10:42:00'),(8,3,11,2021,'11:41:00'),(9,10,11,2021,'01:34:00'),(10,11,10,2021,'11:53:00'),(11,12,6,2021,'04:35:00'),(12,2,11,2021,'02:26:00'),(13,8,14,2021,'03:56:00'),(14,3,2,2021,'01:42:00'),(15,11,15,2021,'01:48:00'),(16,4,19,2021,'01:56:00'),(17,11,14,2021,'08:22:00'),(18,10,12,2021,'11:33:00'),(19,12,3,2020,'04:35:00'),(20,5,11,2021,'02:24:00'),(21,4,19,2021,'11:19:00'),(22,6,1,2021,'12:22:00'),(23,4,13,2021,'09:59:00'),(24,11,9,2021,'09:47:00'),(25,9,29,2021,'06:30:00'),(26,9,12,2021,'09:37:00'),(27,12,15,2020,'04:21:00'),(28,12,1,2021,'01:41:00'),(29,1,31,2021,'04:47:00'),(30,11,10,2021,'11:06:00'),(31,9,6,2021,'10:42:00'),(32,8,3,2021,'02:19:00'),(33,8,1,2021,'01:48:00'),(34,12,9,2020,'12:20:00'),(35,11,28,2021,'10:46:00'),(36,7,20,2021,'01:09:00'),(37,10,13,2021,'03:38:00'),(38,11,8,2021,'11:03:00'),(39,10,10,2021,'09:56:00'),(40,1,20,2021,'12:29:00'),(41,5,9,2021,'12:39:00'),(42,9,8,2021,'01:17:00'),(43,11,17,2021,'10:01:00'),(44,10,21,2021,'04:18:00'),(45,11,21,2021,'04:20:00'),(46,11,25,2021,'11:41:00'),(47,1,27,2021,'12:13:00'),(48,7,6,2021,'04:39:00'),(49,11,23,2021,'11:18:00'),(50,7,3,2021,'03:19:00'),(51,12,4,2021,'10:29:00'),(52,10,10,2021,'09:14:00'),(53,12,2,2020,'03:18:00'),(54,5,5,2021,'02:37:00'),(55,8,25,2021,'12:57:00'),(56,1,6,2021,'02:53:00'),(57,7,1,2021,'12:52:00'),(58,9,11,2021,'02:05:00'),(59,1,7,2021,'02:49:00'),(60,10,5,2021,'03:35:00'),(61,12,10,2020,'01:29:00'),(62,4,6,2021,'10:21:00'),(63,6,6,2021,'11:55:00'),(64,8,22,2021,'10:04:00'),(65,11,11,2021,'12:20:00'),(66,5,11,2021,'11:34:00'),(67,10,17,2021,'12:16:00'),(68,3,29,2021,'05:12:00'),(69,6,15,2021,'01:56:00'),(70,10,20,2021,'02:01:00'),(71,2,16,2021,'04:40:00'),(72,8,5,2021,'03:45:00'),(73,6,28,2021,'08:39:00'),(74,12,9,2021,'09:08:00'),(75,7,10,2021,'12:25:00'),(76,4,4,2021,'01:47:00'),(77,9,5,2021,'12:21:00'),(78,6,8,2021,'12:57:00'),(79,3,29,2021,'03:15:00'),(80,6,17,2021,'12:16:00'),(81,10,17,2021,'10:17:00'),(82,1,26,2021,'04:41:00'),(83,3,31,2021,'07:20:00'),(84,6,30,2021,'01:43:00'),(85,3,9,2021,'09:44:00'),(86,6,21,2021,'11:57:00'),(87,2,21,2021,'05:35:00'),(88,5,12,2021,'04:45:00'),(89,1,31,2021,'10:42:00'),(90,1,9,2021,'02:21:00'),(91,12,1,2020,'03:28:00'),(92,3,6,2021,'12:09:00'),(93,5,19,2021,'01:58:00'),(94,9,20,2021,'09:13:00'),(95,7,14,2021,'01:35:00'),(96,3,23,2021,'10:27:00'),(97,9,6,2021,'10:42:00'),(98,9,6,2021,'10:27:00'),(99,7,26,2021,'11:24:00'),(100,1,26,2021,'10:51:00'),(101,10,20,2021,'11:03:00'),(102,11,21,2021,'02:26:00'),(103,4,21,2021,'12:12:00'),(104,6,5,2021,'01:09:00'),(105,7,31,2021,'03:31:00'),(106,3,28,2021,'03:42:00'),(107,11,13,2021,'12:47:00'),(108,10,19,2021,'10:48:00'),(109,2,3,2021,'01:27:00'),(110,5,12,2021,'11:57:00'),(111,4,14,2021,'09:30:00'),(112,10,4,2021,'03:58:00'),(113,3,7,2021,'12:26:00'),(114,10,6,2021,'10:52:00'),(115,8,26,2021,'02:04:00'),(116,5,4,2021,'03:37:00'),(117,12,9,2020,'02:08:00'),(118,11,16,2021,'03:38:00'),(119,3,14,2021,'10:38:00'),(120,7,18,2021,'03:14:00'),(121,7,14,2021,'10:41:00'),(122,4,5,2021,'10:07:00'),(123,9,7,2021,'01:06:00'),(124,12,15,2020,'10:48:00'),(125,5,17,2021,'11:31:00'),(126,12,1,2020,'12:50:00'),(127,3,24,2021,'09:52:00'),(128,6,23,2021,'12:41:00'),(129,5,12,2021,'07:01:00'),(130,4,8,2021,'02:39:00'),(131,11,2,2021,'09:45:00'),(132,11,16,2021,'09:59:00'),(133,11,7,2021,'08:30:00'),(134,3,8,2021,'05:25:00'),(135,6,14,2021,'04:48:00'),(136,9,22,2021,'11:17:00'),(137,11,6,2021,'11:56:00'),(138,4,12,2021,'01:39:00'),(139,3,23,2021,'02:46:00'),(140,11,17,2021,'03:24:00'),(141,7,14,2021,'03:02:00'),(142,9,28,2021,'03:42:00'),(143,11,23,2021,'11:36:00'),(144,11,15,2021,'10:51:00'),(145,1,25,2021,'12:26:00'),(146,11,30,2021,'03:02:00'),(147,12,7,2020,'03:02:00'),(148,1,25,2021,'12:52:00'),(149,11,17,2021,'09:49:00'),(150,7,14,2021,'07:23:00'),(151,1,21,2021,'11:09:00'),(152,11,23,2021,'01:40:00'),(153,6,2,2021,'02:15:00'),(154,9,8,2021,'01:07:00'),(155,8,3,2021,'11:24:00'),(156,7,24,2021,'12:46:00'),(157,9,27,2021,'01:21:00'),(158,8,16,2021,'10:50:00'),(159,4,7,2021,'10:33:00'),(160,11,21,2021,'08:26:00'),(161,10,5,2021,'09:56:00'),(162,11,14,2021,'03:38:00'),(163,2,21,2021,'12:58:00'),(164,2,1,2021,'12:08:00'),(165,8,9,2021,'01:50:00'),(166,9,5,2021,'12:24:00'),(167,4,21,2021,'01:30:00'),(168,1,17,2021,'01:39:00'),(169,11,25,2021,'09:27:00'),(170,7,21,2021,'05:26:00'),(171,7,29,2021,'11:45:00'),(172,11,10,2021,'04:59:00'),(173,3,28,2021,'09:21:00'),(174,8,5,2021,'11:50:00'),(175,8,21,2021,'03:01:00'),(176,12,8,2021,'07:29:00'),(177,10,28,2021,'11:55:00'),(178,9,28,2021,'12:21:00'),(179,5,24,2021,'02:47:00'),(180,12,7,2021,'10:06:00'),(181,3,13,2021,'02:55:00'),(182,10,13,2021,'03:28:00'),(183,1,12,2021,'10:16:00'),(184,9,26,2021,'12:11:00'),(185,4,20,2021,'11:11:00'),(186,1,25,2021,'01:15:00'),(187,4,12,2021,'01:19:00'),(188,10,19,2021,'04:05:00'),(189,12,8,2020,'11:42:00'),(190,6,8,2021,'10:10:00'),(191,7,21,2021,'12:15:00'),(192,5,24,2021,'10:24:00'),(193,9,13,2021,'11:26:00'),(194,12,7,2020,'10:51:00'),(195,8,2,2021,'09:14:00'),(196,9,26,2021,'02:30:00'),(197,12,7,2020,'09:43:00'),(198,10,5,2021,'03:18:00'),(199,10,27,2021,'04:44:00'),(200,1,4,2021,'04:41:00'),(201,3,10,2021,'12:16:00'),(202,7,17,2021,'12:35:00'),(203,10,5,2021,'12:52:00'),(204,11,9,2021,'04:03:00'),(205,11,10,2021,'04:59:00'),(206,6,9,2021,'07:55:00'),(207,11,27,2021,'02:40:00'),(208,11,27,2021,'01:49:00'),(209,10,7,2021,'01:34:00'),(210,9,13,2021,'04:40:00'),(211,12,6,2021,'12:26:00'),(212,5,9,2021,'04:38:00'),(213,1,16,2021,'04:10:00'),(214,2,1,2021,'11:07:00'),(215,9,15,2021,'09:53:00'),(216,2,16,2021,'02:01:00'),(217,12,19,2020,'01:59:00'),(218,4,11,2021,'12:45:00'),(219,11,1,2021,'02:51:00'),(220,2,24,2021,'09:36:00'),(221,1,13,2021,'12:32:00'),(222,2,14,2021,'09:31:00'),(223,5,9,2021,'03:12:00'),(224,5,1,2021,'10:51:00'),(225,1,5,2021,'11:50:00'),(226,9,5,2021,'03:49:00'),(227,12,2,2021,'01:15:00'),(228,7,6,2021,'03:53:00'),(229,9,11,2021,'12:34:00'),(230,5,23,2021,'02:16:00'),(231,3,16,2021,'12:22:00'),(232,3,9,2021,'08:59:00'),(233,2,6,2021,'02:43:00'),(234,1,10,2021,'11:59:00'),(235,3,24,2021,'08:56:00'),(236,5,22,2021,'02:04:00'),(237,12,17,2020,'03:39:00'),(238,8,22,2021,'10:44:00'),(239,2,28,2021,'01:35:00'),(240,8,31,2021,'03:08:00'),(241,11,24,2021,'10:12:00'),(242,10,27,2021,'09:23:00'),(243,10,10,2021,'11:59:00'),(244,4,21,2021,'05:05:00'),(245,1,23,2021,'01:58:00'),(246,10,27,2021,'04:24:00'),(247,10,13,2021,'03:19:00'),(248,9,4,2021,'12:09:00'),(249,5,25,2021,'11:44:00'),(250,2,8,2021,'02:15:00'),(251,5,18,2021,'11:14:00'),(252,5,17,2021,'05:12:00'),(253,4,28,2021,'12:06:00'),(254,2,18,2021,'11:53:00'),(255,11,8,2021,'11:53:00'),(256,2,16,2021,'10:04:00'),(257,11,29,2021,'03:34:00'),(258,10,4,2021,'05:32:00'),(259,6,15,2021,'10:29:00'),(260,1,17,2021,'11:53:00'),(261,5,15,2021,'01:27:00'),(262,4,4,2021,'11:28:00'),(263,8,11,2021,'09:47:00'),(264,2,1,2021,'11:20:00'),(265,11,1,2021,'09:46:00'),(266,2,2,2021,'09:39:00'),(267,2,28,2021,'01:28:00'),(268,4,12,2021,'12:53:00'),(269,11,1,2021,'11:35:00'),(270,3,29,2021,'03:44:00'),(271,11,9,2021,'01:52:00'),(272,9,13,2021,'10:25:00'),(273,10,25,2021,'01:14:00'),(274,5,24,2021,'09:25:00'),(275,9,8,2021,'03:39:00'),(276,4,27,2021,'02:28:00'),(277,11,7,2021,'08:34:00'),(278,6,7,2021,'01:21:00'),(279,1,7,2021,'12:07:00'),(280,8,8,2021,'04:31:00'),(281,2,25,2021,'02:11:00'),(282,6,2,2021,'02:28:00'),(283,10,6,2021,'04:41:00'),(284,7,12,2021,'04:58:00'),(285,11,10,2021,'11:49:00'),(286,11,24,2021,'05:02:00'),(287,3,25,2021,'12:34:00'),(288,2,2,2021,'03:39:00'),(289,8,3,2021,'12:10:00'),(290,6,9,2021,'03:29:00'),(291,10,19,2021,'10:36:00'),(292,12,6,2020,'12:23:00'),(293,7,19,2021,'02:59:00'),(294,12,8,2021,'11:15:00'),(295,10,26,2021,'04:21:00'),(296,3,22,2021,'11:27:00'),(297,11,29,2021,'03:22:00'),(298,9,5,2021,'11:27:00'),(299,5,3,2021,'10:41:00'),(300,12,2,2020,'09:44:00'),(301,7,10,2021,'10:30:00'),(302,7,20,2021,'01:10:00'),(303,4,4,2021,'12:11:00'),(304,9,11,2021,'12:06:00'),(305,9,5,2021,'10:47:00'),(306,9,4,2021,'12:24:00'),(307,1,6,2021,'02:14:00'),(308,5,18,2021,'10:48:00'),(309,1,6,2021,'11:59:00'),(310,4,26,2021,'08:57:00'),(311,12,9,2021,'12:20:00'),(312,11,3,2021,'11:29:00'),(313,2,18,2021,'01:29:00'),(314,1,6,2021,'11:57:00'),(315,11,27,2021,'03:38:00'),(316,12,8,2021,'01:18:00'),(317,2,6,2021,'02:46:00'),(318,11,22,2021,'09:06:00'),(319,2,28,2021,'11:57:00'),(320,5,6,2021,'07:42:00'),(321,2,1,2021,'03:11:00'),(322,11,6,2021,'02:06:00'),(323,9,1,2021,'01:40:00'),(324,7,17,2021,'12:17:00'),(325,5,20,2021,'01:34:00'),(326,11,8,2021,'09:47:00'),(327,8,23,2021,'10:31:00'),(328,11,18,2021,'12:49:00'),(329,6,23,2021,'01:39:00'),(330,12,3,2020,'11:42:00'),(331,10,25,2021,'01:30:00'),(332,6,16,2021,'07:21:00'),(333,6,16,2021,'05:05:00'),(334,8,10,2021,'11:30:00'),(335,11,17,2021,'09:33:00'),(336,5,6,2021,'07:49:00'),(337,7,22,2021,'01:59:00'),(338,10,5,2021,'04:09:00'),(339,12,2,2021,'05:04:00'),(340,2,3,2021,'01:58:00'),(341,9,2,2021,'10:05:00'),(342,12,17,2020,'10:54:00'),(343,10,17,2021,'01:25:00'),(344,9,14,2021,'11:34:00'),(345,12,14,2020,'03:50:00'),(346,3,14,2021,'12:28:00'),(347,7,14,2021,'11:30:00'),(348,9,4,2021,'12:41:00'),(349,11,27,2021,'04:08:00'),(350,11,18,2021,'09:58:00'),(351,10,3,2021,'10:15:00'),(352,12,1,2020,'08:45:00'),(353,8,22,2021,'12:45:00'),(354,4,13,2021,'03:55:00'),(355,9,21,2021,'01:01:00'),(356,6,29,2021,'10:18:00'),(357,9,22,2021,'05:19:00'),(358,11,28,2021,'12:01:00'),(359,9,2,2021,'01:18:00'),(360,3,29,2021,'12:31:00'),(361,12,5,2021,'01:44:00'),(362,12,2,2021,'02:30:00'),(363,8,12,2021,'02:03:00'),(364,10,18,2021,'10:58:00'),(365,11,22,2021,'01:33:00'),(366,2,14,2021,'12:16:00'),(367,5,16,2021,'08:13:00'),(368,11,18,2021,'05:06:00'),(369,5,12,2021,'01:43:00'),(370,5,29,2021,'03:35:00'),(371,11,14,2021,'03:18:00'),(372,9,25,2021,'11:39:00'),(373,6,22,2021,'10:11:00'),(374,8,5,2021,'11:19:00'),(375,6,7,2021,'12:36:00'),(376,2,6,2021,'11:29:00'),(377,12,8,2021,'01:27:00'),(378,2,24,2021,'01:54:00'),(379,11,16,2021,'10:34:00'),(380,4,7,2021,'01:07:00'),(381,11,10,2021,'05:29:00'),(382,8,9,2021,'01:48:00'),(383,6,2,2021,'09:40:00'),(384,5,25,2021,'03:18:00'),(385,4,5,2021,'01:48:00'),(386,5,26,2021,'10:35:00'),(387,10,10,2021,'12:19:00'),(388,6,9,2021,'02:14:00'),(389,10,6,2021,'01:59:00'),(390,6,20,2021,'10:42:00'),(391,10,18,2021,'02:34:00'),(392,8,18,2021,'08:49:00'),(393,8,30,2021,'12:16:00'),(394,9,1,2021,'11:56:00');
/*!40000 ALTER TABLE `dim_fecha` ENABLE KEYS */;
UNLOCK TABLES;

--
-- Table structure for table `dim_paises`
--

DROP TABLE IF EXISTS `dim_paises`;
/*!40101 SET @saved_cs_client     = @@character_set_client */;
/*!50503 SET character_set_client = utf8mb4 */;
CREATE TABLE `dim_paises` (
  `id_paises` int NOT NULL AUTO_INCREMENT,
  `nombre` varchar(45) NOT NULL,
  PRIMARY KEY (`id_paises`)
) ENGINE=InnoDB AUTO_INCREMENT=16 DEFAULT CHARSET=utf8mb4 COLLATE=utf8mb4_0900_ai_ci;
/*!40101 SET character_set_client = @saved_cs_client */;

--
-- Dumping data for table `dim_paises`
--

LOCK TABLES `dim_paises` WRITE;
/*!40000 ALTER TABLE `dim_paises` DISABLE KEYS */;
INSERT INTO `dim_paises` VALUES (1,'United Kingdom'),(2,'Germany'),(3,'EIRE'),(4,'France'),(5,'Sweden'),(6,'Belgium'),(7,'Italy'),(8,'Israel'),(9,'Portugal'),(10,'Netherlands'),(11,'Channel Islands'),(12,'Switzerland'),(13,'Finland'),(14,'Spain'),(15,'Japan');
/*!40000 ALTER TABLE `dim_paises` ENABLE KEYS */;
UNLOCK TABLES;

--
-- Table structure for table `dim_productos`
--

DROP TABLE IF EXISTS `dim_productos`;
/*!40101 SET @saved_cs_client     = @@character_set_client */;
/*!50503 SET character_set_client = utf8mb4 */;
CREATE TABLE `dim_productos` (
  `id_categoria` varchar(100) NOT NULL,
  `nombre` varchar(100) NOT NULL,
  PRIMARY KEY (`id_categoria`)
) ENGINE=InnoDB DEFAULT CHARSET=utf8mb4 COLLATE=utf8mb4_0900_ai_ci;
/*!40101 SET character_set_client = @saved_cs_client */;

--
-- Dumping data for table `dim_productos`
--

LOCK TABLES `dim_productos` WRITE;
/*!40000 ALTER TABLE `dim_productos` DISABLE KEYS */;
INSERT INTO `dim_productos` VALUES ('cat0001','Ropa, Zapatos y Joyería'),('cat0002','Electrónica'),('cat0003','Hogar y Cocina'),('cat0004','Belleza y Cuidado Personal'),('cat0005','Herramientas y Mejoras del Hogar'),('cat0006','Automotriz y Motocicletas'),('cat0007','Libros	'),('cat0008','Deportes y Aire Libre'),('cat0009','Juguetes y Juegos');
/*!40000 ALTER TABLE `dim_productos` ENABLE KEYS */;
UNLOCK TABLES;

--
-- Table structure for table `ventas`
--

DROP TABLE IF EXISTS `ventas`;
/*!40101 SET @saved_cs_client     = @@character_set_client */;
/*!50503 SET character_set_client = utf8mb4 */;
CREATE TABLE `ventas` (
  `id_factura` int NOT NULL,
  `id_fecha` int NOT NULL,
  `id_cliente` int NOT NULL,
  `id_paises` int NOT NULL,
  `cantidad` int NOT NULL,
  `monto` decimal(10,2) NOT NULL,
  `id_categoria` varchar(100) NOT NULL,
  PRIMARY KEY (`id_factura`),
  KEY `id_paises_idx` (`id_paises`),
  KEY `id_fecha_idx` (`id_fecha`),
  KEY `id_cliente_idx` (`id_cliente`),
  KEY `id_categoria_idx` (`id_categoria`),
  CONSTRAINT `id_categoria` FOREIGN KEY (`id_categoria`) REFERENCES `dim_productos` (`id_categoria`),
  CONSTRAINT `id_cliente` FOREIGN KEY (`id_cliente`) REFERENCES `dim_clientes` (`id_cliente`),
  CONSTRAINT `id_fecha` FOREIGN KEY (`id_fecha`) REFERENCES `dim_fecha` (`id_fecha`),
  CONSTRAINT `id_paises` FOREIGN KEY (`id_paises`) REFERENCES `dim_paises` (`id_paises`)
) ENGINE=InnoDB DEFAULT CHARSET=utf8mb4 COLLATE=utf8mb4_0900_ai_ci;
/*!40101 SET character_set_client = @saved_cs_client */;

--
-- Dumping data for table `ventas`
--

LOCK TABLES `ventas` WRITE;
/*!40000 ALTER TABLE `ventas` DISABLE KEYS */;
INSERT INTO `ventas` VALUES (536370,356,12583,4,449,85586.00,'cat0009'),(536523,129,12868,1,112,20330.00,'cat0006'),(536568,93,16048,1,12,504.00,'cat0005'),(536614,304,17850,1,12,2220.00,'cat0008'),(536782,53,17567,1,244,51795.00,'cat0004'),(536884,334,14589,1,5,3975.00,'cat0005'),(537026,19,12395,6,528,34610.00,'cat0007'),(537354,296,12748,1,85,13307.00,'cat0004'),(537456,201,17450,1,780,198924.00,'cat0007'),(537471,198,14344,1,3,1785.00,'cat0004'),(537628,150,16293,1,189,37875.00,'cat0005'),(537759,193,13126,1,108,20364.00,'cat0008'),(538010,34,17526,1,40,22680.00,'cat0004'),(538070,119,16519,1,24,10370.00,'cat0006'),(538125,6,18225,1,16,3000.00,'cat0006'),(538308,61,14107,1,268,36324.00,'cat0004'),(538879,349,15392,1,402,33898.00,'cat0005'),(538909,127,13491,1,18,9750.00,'cat0008'),(539049,27,15615,1,364,104864.00,'cat0006'),(539338,346,17404,5,3714,264630.00,'cat0002'),(539442,241,16558,1,127,31115.00,'cat0008'),(539469,221,17841,1,152,28352.00,'cat0006'),(539688,124,12678,4,1,15000.00,'cat0005'),(540099,204,15808,1,322,73392.00,'cat0005'),(540160,229,15769,1,1032,257448.00,'cat0005'),(540273,318,17368,1,711,56315.00,'cat0001'),(540274,313,14618,1,92,21180.00,'cat0005'),(540350,311,18283,1,61,10845.00,'cat0003'),(540353,56,13764,1,282,49989.00,'cat0007'),(540455,283,12583,4,491,73016.00,'cat0007'),(540477,59,13233,1,404,30424.00,'cat0005'),(540536,92,17757,1,93,14550.00,'cat0004'),(540630,238,17849,1,19,21775.00,'cat0005'),(540856,187,16655,1,373,81225.00,'cat0006'),(541086,225,16503,1,118,35370.00,'cat0001'),(541263,217,16843,1,534,75906.00,'cat0007'),(541278,264,14135,1,52,16740.00,'cat0006'),(541293,172,15311,1,145,39457.00,'cat0006'),(541669,40,17315,1,172,33176.00,'cat0004'),(541709,154,17504,1,233,44115.00,'cat0002'),(541850,249,14224,1,99,24430.00,'cat0004'),(542083,148,18008,1,355,13081.00,'cat0003'),(542096,151,17236,1,141,19933.00,'cat0006'),(542100,190,15339,1,159,25790.00,'cat0009'),(542155,102,15777,1,112,28560.00,'cat0005'),(542254,84,14733,1,133,51169.00,'cat0005'),(542351,47,14560,1,39,15225.00,'cat0007'),(542634,91,15448,1,232,49464.00,'cat0003'),(542745,29,15881,1,154,33929.00,'cat0003'),(542796,218,17356,1,166,17822.00,'cat0008'),(542806,268,12836,1,254,79899.00,'cat0009'),(542865,167,12929,1,37,11785.00,'cat0002'),(542905,325,12540,14,193,28898.00,'cat0005'),(542925,270,14457,1,88,11364.00,'cat0006'),(543032,292,12990,1,50,9750.00,'cat0003'),(543115,111,14606,1,72,12075.00,'cat0003'),(543121,344,12662,2,184,33670.00,'cat0009'),(543273,381,16456,1,247,44928.00,'cat0007'),(543278,237,16745,1,406,20382.00,'cat0004'),(543279,321,17105,1,359,31940.00,'cat0004'),(543464,254,16779,1,308,36432.00,'cat0006'),(543754,12,18159,1,139,53015.00,'cat0005'),(543824,226,14631,1,160,30950.00,'cat0002'),(543907,370,17346,1,62,10557.00,'cat0002'),(544098,260,16019,1,396,112935.00,'cat0006'),(544170,220,16148,1,72,7632.00,'cat0005'),(544189,72,15867,1,36,13300.00,'cat0007'),(544354,7,13489,1,64,7728.00,'cat0007'),(544391,258,15755,1,198,31468.00,'cat0005'),(544408,317,16726,1,106,6100.00,'cat0009'),(544569,166,16980,1,418,73236.00,'cat0001'),(544596,89,16441,1,110,21100.00,'cat0001'),(544826,224,14513,1,7,1875.00,'cat0009'),(544905,383,17117,1,68,11620.00,'cat0009'),(545021,285,17663,1,179,37139.00,'cat0003'),(545103,323,15039,1,2,1190.00,'cat0003'),(545158,271,15874,1,52,58435.00,'cat0007'),(545162,243,16187,1,247,48090.00,'cat0001'),(545417,14,15622,1,222,57600.00,'cat0007'),(545686,94,18211,1,56,13790.00,'cat0006'),(545812,115,14214,1,313,63865.00,'cat0006'),(546019,137,14507,1,50,3949.00,'cat0006'),(546029,236,15206,1,6,1770.00,'cat0003'),(546034,87,14032,1,291,30964.00,'cat0008'),(546220,205,16745,1,584,54110.00,'cat0006'),(546369,8,15513,1,10,6750.00,'cat0001'),(546428,185,12681,4,185,34329.00,'cat0004'),(546442,121,15159,1,54,20730.00,'cat0007'),(546520,350,14911,3,498,70660.00,'cat0006'),(546741,235,13261,1,20,9900.00,'cat0002'),(547324,300,13014,1,108,31780.00,'cat0005'),(547419,98,15061,1,1135,164958.00,'cat0001'),(547519,142,16308,1,1000,32000.00,'cat0005'),(547563,239,15651,1,238,22732.00,'cat0006'),(547571,130,16265,1,182,43230.00,'cat0007'),(547796,291,14646,10,731,140786.00,'cat0002'),(547886,177,13652,1,178,32944.00,'cat0006'),(547963,108,13037,1,158,25042.00,'cat0005'),(548148,364,17931,1,164,29720.00,'cat0005'),(548189,81,16607,1,163,14141.00,'cat0002'),(548196,274,16011,1,63,11855.00,'cat0006'),(548208,69,14189,1,224,31410.00,'cat0006'),(548370,1,15528,1,123,22933.00,'cat0001'),(548546,85,16600,1,186,11160.00,'cat0006'),(548739,266,15493,1,106,41249.00,'cat0007'),(548746,307,12471,2,40,5000.00,'cat0006'),(548862,78,17956,1,1,1275.00,'cat0008'),(548916,125,14849,1,377,42234.00,'cat0006'),(548991,390,16915,1,29,11249.00,'cat0009'),(549054,62,17719,1,109,31219.00,'cat0005'),(549106,3,17045,1,1,3995.00,'cat0003'),(549196,162,14911,3,271,35623.00,'cat0005'),(549274,385,12721,4,239,36620.00,'cat0005'),(549471,133,17389,1,72,7350.00,'cat0002'),(549670,222,16168,1,88,14120.00,'cat0007'),(549826,272,15044,1,114,44050.00,'cat0008'),(549833,191,13458,1,666,101514.00,'cat0006'),(549838,141,16705,1,48,9600.00,'cat0004'),(549923,23,13138,1,72,19362.00,'cat0003'),(549983,358,16348,1,77,15729.00,'cat0006'),(550002,113,12709,2,41,6800.00,'cat0005'),(550535,21,14211,1,72,15560.00,'cat0001'),(550623,16,13719,1,78,13290.00,'cat0009'),(550713,189,15159,1,1,1250.00,'cat0008'),(550901,105,13389,1,115,25789.00,'cat0005'),(550915,171,13263,1,69,13359.00,'cat0006'),(550972,248,14031,1,46,9963.00,'cat0006'),(550996,314,16681,1,260,31492.00,'cat0006'),(551293,280,14298,1,618,42864.00,'cat0004'),(551391,257,15514,1,152,38520.00,'cat0004'),(551515,228,15606,1,104,32088.00,'cat0004'),(551558,303,17841,1,152,32771.00,'cat0005'),(551859,118,14336,1,301,23003.00,'cat0009'),(551984,54,15841,1,234,28166.00,'cat0005'),(552245,324,12748,1,14,10887.00,'cat0004'),(552248,340,12748,1,3,715.00,'cat0005'),(552404,41,15932,1,262,30502.00,'cat0005'),(552464,227,12726,4,333,22340.00,'cat0003'),(552523,216,15797,1,200,33000.00,'cat0006'),(552764,67,17489,1,232,20856.00,'cat0004'),(552837,20,12901,1,72,14004.00,'cat0008'),(552947,112,16943,1,20,17210.00,'cat0004'),(552972,373,16043,1,85,22454.00,'cat0002'),(553006,90,15544,1,393,56035.00,'cat0002'),(553017,132,12757,9,311,60283.00,'cat0009'),(553192,265,15333,1,344,102856.00,'cat0006'),(553205,371,15813,1,234,53326.00,'cat0003'),(553475,128,18102,1,306,86640.00,'cat0005'),(553559,256,14931,11,1,29300.00,'cat0003'),(553612,312,17556,1,101,15790.00,'cat0004'),(553655,255,16775,1,31,11470.00,'cat0007'),(553861,95,13591,1,135,31403.00,'cat0007'),(554026,329,13324,1,376,64872.00,'cat0006'),(554105,240,14711,1,111,21306.00,'cat0007'),(554286,234,17686,1,97,38696.00,'cat0001'),(554356,278,12670,4,210,39334.00,'cat0002'),(554366,196,17450,1,3084,946848.00,'cat0002'),(554502,183,14289,1,26,12468.00,'cat0002'),(554633,253,14287,1,144,1728.00,'cat0005'),(554667,389,15727,1,214,37482.00,'cat0008'),(554709,391,15769,1,600,108600.00,'cat0005'),(554997,374,16746,1,226,32196.00,'cat0003'),(555213,22,13094,1,144,15264.00,'cat0002'),(555286,388,14298,1,36,5100.00,'cat0007'),(555363,156,14453,1,49,11993.00,'cat0004'),(555367,286,17900,1,49,7980.00,'cat0004'),(555546,106,17735,1,118,22830.00,'cat0006'),(555626,63,16103,1,92,27080.00,'cat0006'),(555836,380,13098,1,469,53136.00,'cat0006'),(555846,282,14180,1,21,14915.00,'cat0006'),(555940,194,14191,1,98,35760.00,'cat0009'),(556047,80,12901,1,90,27624.00,'cat0001'),(556214,393,14913,1,455,30132.00,'cat0007'),(556235,294,12778,10,85,8400.00,'cat0002'),(556279,210,14562,1,59,21539.00,'cat0008'),(556809,138,17179,1,82,22348.00,'cat0007'),(556827,263,15134,1,101,17163.00,'cat0009'),(556922,70,12748,1,5,1425.00,'cat0005'),(557118,337,14849,1,254,36416.00,'cat0007'),(557126,336,18168,1,83,11515.00,'cat0007'),(557213,82,15021,1,119,21814.00,'cat0003'),(557602,88,14110,1,156,37972.00,'cat0009'),(557670,377,12798,15,2256,160704.00,'cat0002'),(557871,131,13458,1,130,30078.00,'cat0008'),(557886,333,17799,1,233,58004.00,'cat0004'),(558261,75,16945,1,24,1008.00,'cat0005'),(558389,360,14383,1,201,24209.00,'cat0001'),(558563,86,14561,1,192,34492.00,'cat0007'),(558706,57,16839,1,320,41696.00,'cat0008'),(558770,50,12748,1,60,11555.00,'cat0005'),(559157,232,13999,1,167,30703.00,'cat0008'),(559164,48,16422,1,406,58746.00,'cat0008'),(559525,305,16923,1,214,39152.00,'cat0009'),(559538,77,16880,1,135,26949.00,'cat0007'),(559819,288,12682,4,117,25670.00,'cat0006'),(559948,123,12653,8,633,143075.00,'cat0009'),(559981,351,14562,1,246,60354.00,'cat0007'),(560034,97,13933,1,113,30099.00,'cat0009'),(560048,144,13515,1,127,13216.00,'cat0007'),(560105,153,16794,1,263,22213.00,'cat0001'),(560246,328,14292,1,328,135310.00,'cat0005'),(560252,206,13468,1,61,11587.00,'cat0004'),(560422,122,16746,1,162,30018.00,'cat0008'),(560576,297,17287,1,110,20207.00,'cat0005'),(560713,36,16774,1,56,16080.00,'cat0006'),(560714,306,14456,1,20,2625.00,'cat0003'),(560834,195,16523,1,204,48440.00,'cat0005'),(560896,174,15623,1,125,30103.00,'cat0003'),(560997,341,12627,2,426,76802.00,'cat0006'),(561047,159,16948,1,1368,19448.00,'cat0007'),(561244,101,13865,1,54,10082.00,'cat0004'),(561711,175,13414,1,368,53280.00,'cat0004'),(561900,107,16655,1,523,63819.00,'cat0007'),(562002,33,14567,1,172,80076.00,'cat0007'),(562034,199,12449,6,267,77795.00,'cat0005'),(562155,158,17940,1,648,16200.00,'cat0006'),(562166,293,13209,1,524,59526.00,'cat0004'),(562220,32,15150,1,108,30442.00,'cat0006'),(562460,378,17841,1,169,24583.00,'cat0004'),(562467,178,13513,1,109,20510.00,'cat0007'),(562543,73,13552,1,216,46390.00,'cat0008'),(562721,284,15985,1,208,24284.00,'cat0008'),(562788,387,17669,1,206,36850.00,'cat0007'),(562789,168,14646,10,7807,1234121.00,'cat0006'),(562885,338,14024,1,51,6525.00,'cat0008'),(562949,267,14346,1,501,75914.00,'cat0008'),(563177,367,17293,1,1,6500.00,'cat0008'),(563233,13,17988,1,1,295.00,'cat0006'),(563382,161,18221,1,145,16985.00,'cat0009'),(563921,64,16407,1,2,1590.00,'cat0007'),(563927,179,14013,1,258,19922.00,'cat0004'),(563943,65,13139,1,268,54092.00,'cat0008'),(563952,242,15572,1,267,67925.00,'cat0009'),(564040,357,14560,1,16,5720.00,'cat0003'),(564095,331,14930,11,52,16558.00,'cat0008'),(564476,55,12610,7,168,30950.00,'cat0006'),(564648,117,15641,1,466,58182.00,'cat0008'),(564966,244,17677,1,24,3480.00,'cat0002'),(565141,327,17841,1,212,35439.00,'cat0004'),(565240,345,17949,1,372,104712.00,'cat0006'),(565324,363,13232,1,105,16985.00,'cat0004'),(565420,252,16326,1,85,31305.00,'cat0007'),(565424,310,15215,1,92,30004.00,'cat0002'),(565426,352,12851,1,109,13518.00,'cat0008'),(565475,309,14156,3,5034,748006.00,'cat0001'),(565480,302,18273,1,40,10200.00,'cat0007'),(565569,79,14111,1,18,4830.00,'cat0009'),(565577,170,14177,1,2,750.00,'cat0005'),(565631,230,14680,1,568,122616.00,'cat0006'),(565680,100,14560,1,240,10080.00,'cat0003'),(565682,31,14796,1,467,83595.00,'cat0005'),(565851,126,14911,3,332,63729.00,'cat0007'),(566033,157,16031,1,204,24331.00,'cat0005'),(566035,42,12839,1,286,41358.00,'cat0006'),(566062,279,14522,1,251,48207.00,'cat0003'),(566248,308,13272,1,72,14096.00,'cat0004'),(566257,233,13324,1,680,85560.00,'cat0009'),(566278,58,13614,1,67,30215.00,'cat0004'),(566307,26,14307,1,323,65623.00,'cat0006'),(566491,276,14060,1,216,29424.00,'cat0008'),(566520,197,17757,1,61,16119.00,'cat0003'),(566607,214,13032,1,175,49630.00,'cat0006'),(566667,348,14660,1,124,15679.00,'cat0001'),(566776,219,14911,3,226,36837.00,'cat0004'),(567370,96,14236,1,272,30156.00,'cat0008'),(567628,359,14060,1,646,73858.00,'cat0004'),(567768,139,15950,1,123,25584.00,'cat0008'),(567798,169,13089,1,331,88663.00,'cat0004'),(567917,361,14298,1,2235,136461.00,'cat0002'),(568150,376,16689,1,64,12844.00,'cat0005'),(568242,188,14931,11,181,26165.00,'cat0007'),(568332,200,13434,1,240,46140.00,'cat0006'),(568527,160,13178,1,539,76500.00,'cat0008'),(568656,182,14911,3,70,14162.00,'cat0001'),(568709,145,15036,1,176,21986.00,'cat0008'),(569005,25,16268,1,465,49376.00,'cat0005'),(569249,355,14092,1,153,35117.00,'cat0008'),(569539,114,18102,1,112,55776.00,'cat0006'),(569550,262,15955,1,10,850.00,'cat0008'),(569567,164,16059,1,40,10530.00,'cat0007'),(569653,207,12451,12,1650,253956.00,'cat0005'),(569693,202,17837,1,105,25095.00,'cat0008'),(569695,60,16843,1,938,99388.00,'cat0006'),(569702,342,14396,1,186,37764.00,'cat0007'),(569740,116,15769,1,1600,292400.00,'cat0007'),(569850,394,16432,1,276,28740.00,'cat0008'),(569907,287,12569,2,13,7740.00,'cat0005'),(570129,213,12885,1,293,51947.00,'cat0005'),(570252,52,14665,1,238,55952.00,'cat0003'),(570257,39,13767,1,129,38031.00,'cat0003'),(570292,247,13418,1,124,37068.00,'cat0005'),(570333,392,18126,1,144,20683.00,'cat0006'),(570651,9,14911,3,86,32135.00,'cat0002'),(570733,18,17190,1,160,24974.00,'cat0006'),(571080,251,13719,1,77,25049.00,'cat0006'),(571090,186,15271,1,34,7950.00,'cat0005'),(571098,37,17841,1,200,43743.00,'cat0001'),(571310,83,13394,1,463,37173.00,'cat0004'),(571407,68,13750,1,85,33063.00,'cat0005'),(571439,347,17206,1,76,20424.00,'cat0002'),(571622,368,14798,1,46,7634.00,'cat0009'),(571741,295,15610,1,66,11246.00,'cat0003'),(571745,110,14911,3,711,158875.00,'cat0007'),(571918,192,17350,1,240,15624.00,'cat0007'),(572023,103,17764,1,247,55685.00,'cat0006'),(572076,71,13761,1,418,57894.00,'cat0006'),(572272,44,13171,1,60,13254.00,'cat0008'),(572670,277,13685,1,1524,59436.00,'cat0009'),(572676,335,16258,1,649,146245.00,'cat0006'),(572913,299,15993,1,678,86389.00,'cat0004'),(572926,246,15659,1,111,30645.00,'cat0004'),(573112,4,16416,1,357,34483.00,'cat0004'),(573124,250,13654,1,24,9960.00,'cat0005'),(573131,203,15622,1,106,38195.00,'cat0004'),(573136,74,12709,2,110,26868.00,'cat0004'),(573230,181,13199,1,48,8592.00,'cat0006'),(573757,269,17166,1,21,7875.00,'cat0005'),(573830,273,16960,1,76,14896.00,'cat0005'),(573902,223,17428,1,48,31118.00,'cat0008'),(573924,134,15065,1,202,29938.00,'cat0003'),(574149,316,13709,1,293,77490.00,'cat0008'),(574661,140,13447,1,166,43030.00,'cat0003'),(574705,326,14553,1,21,19440.00,'cat0003'),(574746,136,16523,1,198,67680.00,'cat0005'),(574747,281,15618,1,239,35781.00,'cat0005'),(574952,330,13924,1,123,17233.00,'cat0007'),(574994,38,17870,1,62,14311.00,'cat0002'),(575039,259,15005,1,245,32722.00,'cat0006'),(575198,24,12921,1,19,7125.00,'cat0004'),(575331,275,13209,1,593,104966.00,'cat0007'),(575475,208,17702,1,302,48560.00,'cat0006'),(575525,30,13983,1,72,12888.00,'cat0004'),(575579,289,13081,1,144,7200.00,'cat0007'),(575581,10,12659,4,105,9168.00,'cat0003'),(575701,176,13396,1,461,97372.00,'cat0005'),(575703,209,13767,1,902,173530.00,'cat0007'),(575710,386,17901,1,24,11038.00,'cat0006'),(575767,2,17348,1,163,20973.00,'cat0002'),(575854,66,14125,1,486,111108.00,'cat0009'),(575968,109,14882,1,92,34180.00,'cat0006'),(576083,17,17404,5,1060,123848.00,'cat0005'),(576326,375,16504,1,524,48438.00,'cat0004'),(576347,165,13268,1,2,820.00,'cat0008'),(576388,379,17510,1,214,30848.00,'cat0005'),(576400,147,13632,1,288,45214.00,'cat0002'),(576571,15,12950,1,164,31160.00,'cat0008'),(576630,5,13816,2,91,19998.00,'cat0005'),(576641,135,17549,1,150,12066.00,'cat0004'),(576650,384,14286,1,1505,193590.00,'cat0004'),(576848,120,15051,1,124,24568.00,'cat0006'),(576906,339,18225,1,575,61648.00,'cat0009'),(576909,152,12471,2,519,107212.00,'cat0007'),(576911,43,17461,1,342,34920.00,'cat0007'),(577080,143,17001,1,172,35760.00,'cat0006'),(577158,354,16293,1,135,34283.00,'cat0007'),(577298,332,14299,1,497,52555.00,'cat0009'),(577393,372,14031,1,806,206809.00,'cat0004'),(577599,163,15738,1,202,31690.00,'cat0006'),(577749,104,16242,1,299,53420.00,'cat0004'),(577783,45,18139,1,1644,278640.00,'cat0009'),(577813,322,14297,1,458,58038.00,'cat0002'),(578029,369,16985,1,285,86070.00,'cat0001'),(578150,49,16020,1,10,1650.00,'cat0009'),(578171,146,17685,1,207,39240.00,'cat0001'),(578272,155,17463,1,126,19831.00,'cat0003'),(578354,245,17139,1,232,46852.00,'cat0003'),(578665,290,16570,1,208,42708.00,'cat0008'),(578688,173,16719,1,235,29267.00,'cat0002'),(578757,46,12748,1,256,42041.00,'cat0006'),(578947,212,14547,1,438,53458.00,'cat0004'),(578951,211,15514,1,277,49923.00,'cat0009'),(578993,319,15987,1,182,24486.00,'cat0002'),(578999,353,17595,1,144,23089.00,'cat0009'),(579089,35,17920,1,58,11111.00,'cat0005'),(579121,362,17299,1,69,9106.00,'cat0003'),(579489,301,16775,1,27,12915.00,'cat0006'),(579495,261,13576,1,180,32748.00,'cat0007'),(579759,149,15251,1,244,36388.00,'cat0004'),(580068,28,17321,1,5,4125.00,'cat0002'),(580281,231,12704,13,81,19876.00,'cat0007'),(580308,366,14250,1,138,24022.00,'cat0007'),(580372,343,16359,1,91,11073.00,'cat0008'),(580386,51,18065,1,50,18890.00,'cat0002'),(580658,365,17090,1,122,22404.00,'cat0006'),(580887,215,13755,1,80,15690.00,'cat0005'),(580987,11,17389,1,96,72000.00,'cat0004'),(581017,184,14910,1,80,11080.00,'cat0003'),(581253,298,16891,1,28,11595.00,'cat0003'),(581395,320,16892,1,35,12312.00,'cat0003'),(581399,382,17528,1,198,20050.00,'cat0008'),(581471,180,14702,1,76,19929.00,'cat0005'),(581482,76,17490,1,228,48840.00,'cat0006'),(581580,315,12748,1,82,9411.00,'cat0007'),(6565681,99,15521,1,92,19240.00,'cat0002');
/*!40000 ALTER TABLE `ventas` ENABLE KEYS */;
UNLOCK TABLES;
/*!40103 SET TIME_ZONE=@OLD_TIME_ZONE */;

/*!40101 SET SQL_MODE=@OLD_SQL_MODE */;
/*!40014 SET FOREIGN_KEY_CHECKS=@OLD_FOREIGN_KEY_CHECKS */;
/*!40014 SET UNIQUE_CHECKS=@OLD_UNIQUE_CHECKS */;
/*!40101 SET CHARACTER_SET_CLIENT=@OLD_CHARACTER_SET_CLIENT */;
/*!40101 SET CHARACTER_SET_RESULTS=@OLD_CHARACTER_SET_RESULTS */;
/*!40101 SET COLLATION_CONNECTION=@OLD_COLLATION_CONNECTION */;
/*!40111 SET SQL_NOTES=@OLD_SQL_NOTES */;

-- Dump completed on 2025-04-16 22:44:50
